,id,x,y,time
0,0,580.0,89.0,0.17415308952331543
1,0,583.5,98.0,0.297853946685791
2,0,588.5,110.0,0.39312100410461426
3,0,595.0,124.0,0.4936850070953369
4,0,602.0,139.5,0.5921542644500732
5,0,608.5,154.5,0.686251163482666
6,0,615.0,172.0,0.780811071395874
7,0,622.0,188.0,0.8982791900634766
8,0,627.5,204.5,1.0006861686706543
9,0,632.5,222.0,1.1139090061187744
10,0,636.0,238.5,1.215296983718872
11,0,638.5,255.0,1.3134279251098633
12,0,639.0,269.5,1.4096612930297852
13,0,638.5,286.0,1.527230978012085
14,0,638.0,300.5,1.628838300704956
15,0,636.0,315.0,1.7157821655273438
16,0,635.0,326.0,1.800389289855957
17,0,636.0,338.0,1.8977642059326172
18,0,634.5,349.5,1.9901270866394043
19,0,634.0,358.0,2.078505039215088
20,0,633.5,365.5,2.164947986602783
21,0,631.0,374.5,2.2745590209960938
22,0,630.5,381.0,2.372911214828491
23,0,629.0,388.5,2.4511239528656006
24,0,625.0,396.0,2.5465540885925293
25,0,619.0,402.5,2.6539101600646973
26,0,614.0,412.0,2.745620012283325
27,0,604.0,419.5,2.8349130153656006
28,0,595.0,424.0,2.9214041233062744
29,0,583.0,430.0,3.0156121253967285
30,0,570.5,434.0,3.0906612873077393
31,0,559.0,438.5,3.1951041221618652
32,0,546.5,439.0,3.2903969287872314
33,0,533.5,440.5,3.377587080001831
34,0,524.5,441.5,3.4658849239349365
35,0,516.5,439.5,3.544654130935669
36,0,508.5,435.5,3.6436500549316406
37,0,503.0,431.5,3.7317960262298584
38,0,499.0,427.0,3.815359115600586
39,0,495.5,423.5,3.91340708732605
40,0,492.5,419.5,4.032631158828735
41,0,491.5,416.5,4.122004985809326
42,0,490.0,412.0,4.208177328109741
43,0,489.5,407.5,4.3041441440582275
44,0,489.0,403.5,4.395620107650757
45,0,488.5,398.5,4.488574981689453
46,0,489.0,393.5,4.594992160797119
47,0,489.5,389.5,4.703655242919922
48,0,489.0,383.0,4.813961029052734
49,0,489.5,378.0,4.9196531772613525
50,0,490.0,373.0,5.0255491733551025
51,0,489.5,366.5,5.11688232421875
52,0,489.5,362.5,5.2403199672698975
53,0,487.5,357.5,5.340237140655518
54,0,487.0,354.5,5.4661970138549805
55,0,485.5,350.5,5.5409462451934814
56,0,482.5,348.0,5.633653163909912
57,0,480.5,345.0,5.717559099197388
58,0,477.0,343.0,5.809117078781128
59,0,475.5,341.0,5.901233196258545
60,0,472.0,339.5,5.998934984207153
61,0,470.5,338.0,6.076215028762817
62,0,467.5,336.0,6.171318054199219
63,0,467.5,335.0,6.268838167190552
64,0,464.0,333.5,6.351828098297119
65,0,464.5,332.5,6.438964128494263
66,0,462.0,332.0,6.536780118942261
67,0,463.0,331.0,6.632929086685181
68,0,459.0,330.5,6.715368986129761
69,0,458.0,329.0,6.812253952026367
70,0,455.0,328.0,6.908792018890381
71,0,454.0,326.0,7.009484052658081
72,0,451.0,324.0,7.092904090881348
73,0,451.0,322.0,7.183287143707275
74,0,448.0,319.0,7.27071213722229
75,0,448.0,316.0,7.361377000808716
76,0,447.0,313.5,7.449328184127808
77,0,446.0,310.0,7.548552989959717
78,0,446.0,307.0,7.63672399520874
79,0,445.0,304.5,7.727696180343628
80,0,442.0,301.5,7.813475131988525
81,0,440.0,299.0,7.898450136184692
82,0,438.0,296.0,7.980562925338745
83,0,438.0,293.0,8.081163167953491
84,0,436.0,288.0,8.181092262268066
85,0,436.5,284.0,8.272704124450684
86,0,439.0,279.0,8.368086099624634
87,0,441.5,273.0,8.442488193511963
88,0,444.0,268.0,8.542300939559937
89,0,447.0,261.0,8.64811110496521
90,0,448.5,255.0,8.750437259674072
91,0,450.0,249.0,8.874032258987427
92,0,451.5,243.0,8.988243103027344
93,0,455.0,234.5,9.10036301612854
94,0,456.5,229.5,9.233906984329224
95,0,460.0,225.0,9.353965044021606
96,0,463.5,221.0,9.47745418548584
97,0,465.0,215.0,9.574745178222656
98,0,467.5,211.0,9.663984298706055
99,0,469.0,208.0,9.776062965393066
100,0,470.5,204.5,9.864161014556885
101,0,471.0,201.5,9.955098152160645
102,0,470.5,198.0,10.047293901443481
103,0,471.0,194.0,10.140403985977173
104,0,470.5,190.0,10.236615180969238
105,0,471.0,185.0,10.329873323440552
106,0,470.5,180.0,10.416932106018066
107,0,471.0,174.0,10.501410007476807
108,0,471.0,168.0,10.605437994003296
109,0,471.0,162.0,10.707372188568115
110,0,471.0,157.0,10.790709018707275
111,0,472.0,154.0,10.878254175186157
112,0,472.5,152.0,10.97182321548462
113,0,472.0,148.5,11.071469068527222
114,0,471.5,145.0,11.178282976150513
115,0,471.0,141.0,11.290187120437622
116,0,471.5,137.0,11.392873048782349
117,0,472.0,133.0,11.481285095214844
118,0,473.5,129.5,11.594422101974487
119,0,475.0,124.5,11.712752103805542
120,0,475.5,119.5,11.830087184906006
121,0,476.0,113.0,11.930819034576416
122,0,477.5,106.0,12.055031061172485
123,0,477.0,99.0,12.15928030014038
124,0,477.5,91.0,12.256322145462036
125,0,477.0,81.0,12.357999086380005
126,0,476.5,71.0,12.458588123321533
127,0,477.0,62.0,12.56124496459961
128,0,475.0,49.5,12.671900272369385
129,0,475.5,41.0,12.778609275817871
130,0,476.0,33.5,12.889623165130615
131,0,476.5,26.5,12.986351251602173
132,0,477.0,19.5,13.096065044403076
133,0,478.5,14.5,13.21382212638855
134,0,479.0,12.0,13.328591108322144
135,0,479.5,10.0,13.435126066207886
136,0,478.5,10.0,13.547267198562622
137,0,476.0,11.0,13.67220401763916
138,0,474.5,13.0,13.760236024856567
139,0,474.0,16.0,13.850894212722778
140,0,471.5,21.0,13.942249059677124
141,0,469.0,26.5,14.034269094467163
142,0,465.5,35.5,14.128268003463745
143,0,461.5,46.0,14.234423160552979
144,0,459.0,58.0,14.361176013946533
145,0,456.5,72.5,14.45967411994934
146,0,454.5,86.5,14.559047937393188
147,0,454.0,101.0,14.639960050582886
148,0,451.5,117.5,14.736738204956055
149,0,452.0,134.0,14.844135999679565
150,0,451.5,151.0,14.929452180862427
151,0,452.0,166.5,15.008066177368164
152,0,452.5,182.0,15.099810123443604
153,0,454.0,197.0,15.196550130844116
154,0,456.0,212.0,15.294525146484375
155,0,458.5,226.0,15.386136054992676
156,0,461.0,239.0,15.482096195220947
157,0,465.0,250.0,15.591036319732666
158,0,468.5,261.0,15.68169903755188
159,0,472.0,270.0,15.778652906417847
160,0,476.0,278.0,15.873440980911255
161,0,481.0,288.0,15.971635103225708
162,0,484.5,298.0,16.065112113952637
163,0,489.0,309.0,16.152103900909424
164,0,493.0,320.0,16.248083114624023
165,0,496.5,332.0,16.33692502975464
166,0,499.0,342.0,16.418342113494873
167,0,502.0,353.0,16.516464233398438
168,0,504.5,361.0,16.611093044281006
169,0,505.0,370.0,16.701531171798706
170,0,505.5,377.5,16.796392917633057
171,0,505.0,384.0,16.886383056640625
172,0,505.0,390.0,16.97294306755066
173,0,505.0,395.5,17.067832231521606
174,0,506.0,399.5,17.157125234603882
175,0,505.0,403.5,17.25809407234192
176,0,504.5,407.5,17.3456392288208
177,0,504.0,409.0,17.432029008865356
178,0,505.0,410.0,17.51834011077881
179,0,504.0,411.0,17.6130633354187
180,0,504.0,411.5,17.701750993728638
181,0,504.0,411.0,17.7975013256073
182,0,504.5,412.0,17.883660078048706
183,0,506.0,414.0,17.96592617034912
184,0,508.0,416.0,18.068664073944092
185,0,508.0,418.0,18.157851219177246
186,0,509.0,421.5,18.25204610824585
187,0,511.0,424.0,18.35229206085205
188,0,513.0,426.0,18.452105045318604
189,0,514.5,428.0,18.553800106048584
190,0,515.5,430.0,18.646406173706055
191,0,515.5,431.5,18.72808599472046
192,0,517.0,433.5,18.838884115219116
193,0,516.5,435.5,18.9201500415802
194,0,516.0,439.5,19.033721208572388
195,0,515.5,441.0,19.129279136657715
196,0,515.0,442.5,19.229005098342896
197,0,514.5,444.0,19.324005126953125
198,0,515.5,444.5,19.415426015853882
199,0,517.0,444.0,19.535784006118774
200,0,517.5,442.5,19.630502223968506
201,0,519.0,440.0,19.730273008346558
202,0,519.5,437.0,19.834468126296997
203,0,522.0,431.5,19.92668604850769
204,0,524.0,427.5,20.030104160308838
205,0,526.5,423.5,20.123520135879517
206,0,530.5,419.5,20.22246026992798
207,0,534.5,416.5,20.313082218170166
208,0,536.5,413.5,20.41204309463501
209,0,540.5,410.5,20.5168719291687
210,0,544.5,407.5,20.622944116592407
211,0,547.5,403.5,20.731605052947998
212,0,550.0,400.5,20.83259105682373
213,0,553.5,397.5,20.929274082183838
214,0,556.5,393.0,21.026979207992554
215,0,559.0,391.5,21.13334608078003
216,0,562.0,390.0,21.2272310256958
217,0,566.0,388.0,21.327505111694336
218,0,569.0,386.0,21.401393175125122
219,1,565.5,162.0,0.1773681640625
220,1,568.0,169.0,0.30033206939697266
221,1,571.0,176.0,0.393186092376709
222,1,573.0,184.0,0.4963991641998291
223,1,577.0,193.0,0.5922203063964844
224,1,581.0,201.5,0.6863129138946533
225,1,584.5,211.5,0.7929279804229736
226,1,586.0,219.0,0.9013681411743164
227,1,589.0,228.5,1.0141000747680664
228,1,590.5,237.0,1.1181120872497559
229,1,591.0,247.0,1.215346336364746
230,1,591.5,254.0,1.313493013381958
231,1,591.0,262.0,1.4097352027893066
232,1,589.5,270.5,1.5274550914764404
233,1,589.0,277.5,1.6288890838623047
234,1,586.5,283.0,1.7187161445617676
235,1,586.5,289.5,1.8078699111938477
236,1,585.5,295.0,1.8995881080627441
237,1,585.5,299.0,1.9901821613311768
238,1,584.5,303.0,2.078555107116699
239,1,583.0,306.5,2.174542188644409
240,1,581.5,310.5,2.274625062942505
241,1,580.0,313.5,2.37519907951355
242,1,577.5,317.5,2.4614741802215576
243,1,575.0,321.5,2.5663280487060547
244,1,570.5,326.0,2.6539599895477295
245,1,566.0,330.5,2.7468531131744385
246,1,560.0,333.5,2.834963083267212
247,1,553.0,337.5,2.922063112258911
248,1,545.0,340.5,3.015665292739868
249,1,538.0,343.5,3.1005451679229736
250,1,530.0,346.0,3.195167064666748
251,1,522.5,348.5,3.2904491424560547
252,1,516.0,348.5,3.37764310836792
253,1,509.5,348.0,3.465935230255127
254,1,505.0,347.5,3.5467331409454346
255,1,499.5,345.5,3.6437151432037354
256,1,496.5,342.5,3.7318642139434814
257,1,494.5,338.5,3.819350004196167
258,1,491.0,335.5,3.913487195968628
259,1,490.5,332.5,4.032696008682251
260,1,489.0,329.5,4.126260042190552
261,1,488.5,326.5,4.210294008255005
262,1,487.0,322.5,4.308420181274414
263,1,486.5,319.5,4.399861097335815
264,1,487.0,316.0,4.490448236465454
265,1,487.5,312.0,4.5978639125823975
266,1,488.0,307.5,4.7037200927734375
267,1,488.5,303.5,4.814024925231934
268,1,488.0,298.5,4.919738054275513
269,1,488.5,293.5,5.025599002838135
270,1,488.0,289.0,5.1249001026153564
271,1,487.5,285.5,5.241652965545654
272,1,487.0,282.0,5.347748041152954
273,1,486.5,279.0,5.466253042221069
274,1,486.0,277.5,5.5539751052856445
275,1,485.0,275.5,5.634751081466675
276,1,483.0,273.5,5.723941087722778
277,1,481.5,272.5,5.810622930526733
278,1,480.0,270.5,5.901301145553589
279,1,478.0,270.0,5.9990153312683105
280,1,475.5,269.5,6.0762879848480225
281,1,476.0,268.5,6.171385049819946
282,1,472.5,267.5,6.268886089324951
283,1,473.0,266.5,6.353979110717773
284,1,471.0,265.5,6.439037322998047
285,1,470.0,264.5,6.541125297546387
286,1,470.0,264.5,6.63299298286438
287,1,467.5,263.5,6.719428062438965
288,1,467.0,263.5,6.822175979614258
289,1,465.5,262.5,6.90946888923645
290,1,464.0,260.5,7.0095391273498535
291,1,462.5,259.5,7.097530126571655
292,1,461.5,258.0,7.1872289180755615
293,1,461.0,256.5,7.270776033401489
294,1,460.0,254.5,7.3614420890808105
295,1,458.0,252.5,7.449377059936523
296,1,457.0,250.5,7.548709154129028
297,1,456.0,249.5,7.636774301528931
298,1,454.5,248.5,7.727745056152344
299,1,453.0,246.5,7.8135459423065186
300,1,452.0,245.5,7.9058849811553955
301,1,452.5,243.5,7.9852001667022705
302,1,452.0,241.0,8.086517095565796
303,1,451.5,238.5,8.181148290634155
304,1,452.0,235.5,8.273187160491943
305,1,453.0,232.5,8.368138074874878
306,1,454.0,228.5,8.45218300819397
307,1,457.0,223.5,8.546051025390625
308,1,459.0,218.5,8.64936113357544
309,1,461.0,213.5,8.764839172363281
310,1,463.0,208.5,8.87410306930542
311,1,466.0,203.5,8.98909306526184
312,1,468.0,197.5,9.101164102554321
313,1,471.0,193.0,9.233973979949951
314,1,473.5,189.0,9.362818002700806
315,1,476.0,185.0,9.477518081665039
316,1,478.5,181.0,9.581701278686523
317,1,480.0,178.0,9.67978811264038
318,1,482.0,176.0,9.776128053665161
319,1,482.5,173.0,9.866657018661499
320,1,483.5,170.5,9.955147981643677
321,1,484.5,167.0,10.047345161437988
322,1,484.5,164.0,10.140470027923584
323,1,484.5,161.0,10.236683130264282
324,1,484.5,157.0,10.329938173294067
325,1,485.5,153.0,10.416998147964478
326,1,484.5,149.0,10.506521224975586
327,1,485.5,144.0,10.60550308227539
328,1,486.0,139.0,10.70744013786316
329,1,486.5,136.0,10.790782928466797
330,1,488.0,133.0,10.87922716140747
331,1,486.5,132.0,10.971893072128296
332,1,487.5,130.0,11.071566104888916
333,1,486.5,127.0,11.178352117538452
334,1,487.5,123.5,11.290249109268188
335,1,487.5,120.5,11.392934322357178
336,1,489.5,117.5,11.487365245819092
337,1,490.0,114.0,11.594484090805054
338,1,492.5,111.0,11.71281623840332
339,1,492.0,107.0,11.83014702796936
340,1,493.5,102.0,11.930887937545776
341,1,495.0,98.0,12.05995798110962
342,1,494.5,92.0,12.159351110458374
343,1,495.0,85.5,12.256384134292603
344,1,495.5,77.5,12.358074188232422
345,1,496.5,71.0,12.458652973175049
346,1,496.5,63.5,12.563395023345947
347,1,498.5,57.5,12.671950101852417
348,1,497.5,51.0,12.785121202468872
349,1,498.5,44.0,12.889672040939331
350,1,498.5,39.0,13.000855207443237
351,1,499.5,35.0,13.103195190429688
352,1,500.0,32.0,13.224061250686646
353,1,501.5,30.0,13.328660011291504
354,1,499.0,29.0,13.435189008712769
355,1,500.5,29.0,13.562225103378296
356,1,498.0,30.5,13.673989295959473
357,1,496.5,31.0,13.766737222671509
358,1,497.0,34.0,13.850963115692139
359,1,495.5,37.5,13.943135023117065
360,1,493.0,42.5,14.034341096878052
361,1,490.0,48.5,14.128334045410156
362,1,486.0,56.0,14.234483003616333
363,1,484.0,64.5,14.363858938217163
364,1,480.0,74.0,14.465103149414062
365,1,478.0,86.5,14.559116125106812
366,1,477.0,95.5,14.640026092529297
367,1,475.0,107.5,14.739867210388184
368,1,472.5,120.5,14.844202041625977
369,1,472.0,132.0,14.929521322250366
370,1,471.5,143.5,15.008136987686157
371,1,472.0,154.0,15.09987998008728
372,1,472.5,164.5,15.20195722579956
373,1,474.0,175.0,15.294575214385986
374,1,475.5,185.0,15.386202096939087
375,1,478.5,193.5,15.491734027862549
376,1,480.0,201.5,15.59127402305603
377,1,482.5,208.5,15.687150239944458
378,1,484.5,214.5,15.77872896194458
379,1,487.0,220.5,15.87878131866455
380,1,489.5,227.0,15.972257137298584
381,1,492.5,234.0,16.06516718864441
382,1,495.5,242.0,16.16496729850769
383,1,498.0,250.0,16.24813413619995
384,1,500.5,258.0,16.336984157562256
385,1,502.5,266.0,16.4190571308136
386,1,504.0,273.0,16.51651406288147
387,1,504.5,280.0,16.61397409439087
388,1,505.0,286.5,16.701600074768066
389,1,505.5,291.5,16.79646110534668
390,1,505.0,296.5,16.88644814491272
391,1,506.0,301.0,16.977205991744995
392,1,505.0,305.0,17.06788206100464
393,1,506.0,308.5,17.162208080291748
394,1,505.0,311.5,17.258652925491333
395,1,503.5,315.0,17.345689058303833
396,1,505.0,316.0,17.434980154037476
397,1,505.0,317.0,17.523866176605225
398,1,505.0,317.5,17.613131999969482
399,1,505.5,318.5,17.701802968978882
400,1,506.0,318.5,17.798577308654785
401,1,506.5,319.5,17.883737087249756
402,1,506.0,321.0,17.965991258621216
403,1,508.0,322.5,18.06871509552002
404,1,507.0,325.0,18.157920122146606
405,1,510.0,327.5,18.252119064331055
406,1,509.0,329.5,18.352346181869507
407,1,512.0,332.0,18.452168941497803
408,1,511.5,333.5,18.56125521659851
409,1,512.0,335.5,18.652255058288574
410,1,513.0,337.5,18.728851079940796
411,1,512.0,339.5,18.838956117630005
412,1,511.0,341.5,18.92036199569702
413,1,511.0,343.5,19.033791065216064
414,1,510.0,346.0,19.129343032836914
415,1,509.5,348.5,19.22907018661499
416,1,509.0,350.5,19.32408618927002
417,1,510.0,351.5,19.418994903564453
418,1,510.0,352.5,19.535847187042236
419,1,511.5,351.5,19.630568981170654
420,1,511.5,351.0,19.732818126678467
421,1,513.0,349.0,19.83453917503357
422,1,514.5,346.5,19.926757097244263
423,1,516.5,345.5,20.030187129974365
424,1,518.0,342.5,20.12356925010681
425,1,521.0,341.5,20.22252106666565
426,1,522.5,340.5,20.318610906600952
427,1,525.5,338.5,20.41209602355957
428,1,528.0,337.5,20.516979932785034
429,1,530.0,336.5,20.62299609184265
430,1,532.5,335.5,20.731672048568726
431,1,534.5,333.5,20.83264422416687
432,1,537.5,332.5,20.929325103759766
433,1,538.5,331.5,21.027032136917114
434,1,541.5,331.0,21.13339900970459
435,1,543.5,331.0,21.227281093597412
436,1,546.5,330.5,21.32755708694458
437,1,547.5,330.5,21.423139095306396
438,2,559.5,220.5,0.17911410331726074
439,2,559.5,223.0,0.3003809452056885
440,2,561.0,227.0,0.39322710037231445
441,2,562.0,230.5,0.4964621067047119
442,2,562.0,234.5,0.5926201343536377
443,2,563.0,238.5,0.6863532066345215
444,2,564.0,241.5,0.7968928813934326
445,2,563.0,245.5,0.9074532985687256
446,2,562.0,248.5,1.0141520500183105
447,2,562.0,251.5,1.1181650161743164
448,2,561.0,254.5,1.2153773307800293
449,2,560.0,256.5,1.3165671825408936
450,2,558.0,258.5,1.4125621318817139
451,2,556.0,260.0,1.5337610244750977
452,2,554.0,262.0,1.628920078277588
453,2,553.0,263.0,1.7187912464141846
454,2,551.0,263.5,1.807920217514038
455,2,549.0,263.0,1.8996381759643555
456,2,548.0,263.5,1.9902122020721436
457,2,546.0,263.5,2.0785861015319824
458,2,545.5,263.0,2.174592971801758
459,2,543.0,262.5,2.278433084487915
460,2,541.0,262.5,2.3752481937408447
461,2,538.0,262.5,2.461536169052124
462,2,535.5,262.5,2.5663769245147705
463,2,532.0,263.5,2.6539902687072754
464,2,527.0,264.0,2.7472290992736816
465,2,522.5,264.5,2.834994316101074
466,2,519.0,266.0,2.922110080718994
467,2,514.5,266.0,3.0156962871551514
468,2,509.5,266.0,3.1101551055908203
469,2,505.5,267.0,3.1966819763183594
470,2,501.5,266.0,3.290480136871338
471,2,497.5,266.0,3.3776729106903076
472,2,493.5,265.0,3.46596622467041
473,2,492.0,263.0,3.5597922801971436
474,2,489.5,261.0,3.6482911109924316
475,2,488.5,258.0,3.7446882724761963
476,2,486.5,254.0,3.8361470699310303
477,2,486.0,251.5,3.9330270290374756
478,2,485.0,248.0,4.043540000915527
479,2,484.5,245.0,4.131627082824707
480,2,484.5,242.0,4.22718620300293
481,2,483.5,239.5,4.317436218261719
482,2,483.5,235.5,4.401537179946899
483,2,483.5,232.0,4.4983532428741455
484,2,484.5,229.0,4.605873107910156
485,2,484.5,224.5,4.705623149871826
486,2,485.0,221.0,4.814065217971802
487,2,485.5,217.0,4.919788122177124
488,2,485.5,212.0,5.025629043579102
489,2,485.5,208.0,5.1381309032440186
490,2,485.5,204.5,5.241709232330322
491,2,485.5,202.0,5.347821235656738
492,2,484.5,199.0,5.466288089752197
493,2,486.0,197.5,5.55402398109436
494,2,483.5,196.5,5.634801149368286
495,2,484.5,195.0,5.724955081939697
496,2,482.5,194.5,5.810683250427246
497,2,482.5,194.0,5.9013590812683105
498,2,481.5,193.0,6.002228021621704
499,2,480.5,192.5,6.090999126434326
500,2,480.5,192.0,6.175241947174072
501,2,479.5,191.5,6.269242286682129
502,2,478.5,190.5,6.3540239334106445
503,2,477.0,190.0,6.444041967391968
504,2,477.0,189.0,6.543609142303467
505,2,475.5,188.5,6.634442090988159
506,2,475.5,188.5,6.719480037689209
507,2,474.0,188.0,6.827039003372192
508,2,473.5,187.5,6.914345979690552
509,2,473.0,187.0,7.009573221206665
510,2,473.0,186.0,7.099099159240723
511,2,472.0,185.0,7.187283039093018
512,2,472.5,183.5,7.273097038269043
513,2,470.0,182.5,7.361484050750732
514,2,470.0,181.5,7.449408054351807
515,2,467.0,181.5,7.548773288726807
516,2,465.5,180.5,7.636804103851318
517,2,464.0,180.0,7.7277750968933105
518,2,462.5,180.5,7.81526517868042
519,2,464.5,179.5,7.905935049057007
520,2,465.0,178.5,7.995512008666992
521,2,466.0,176.5,8.086565256118774
522,2,467.0,176.5,8.187957048416138
523,2,468.0,173.5,8.27981424331665
524,2,468.0,172.5,8.368169069290161
525,2,468.5,169.5,8.452271223068237
526,2,470.0,166.5,8.547490119934082
527,2,472.0,163.5,8.649428129196167
528,2,475.0,159.5,8.764908075332642
529,2,477.0,155.5,8.874484062194824
530,2,480.0,150.5,8.989145040512085
531,2,483.0,146.5,9.101213932037354
532,2,487.0,142.0,9.234017133712769
533,2,488.5,139.5,9.362888097763062
534,2,490.0,137.0,9.478331089019775
535,2,492.0,134.5,9.581751108169556
536,2,493.5,131.5,9.679837942123413
537,2,495.0,130.0,9.776180982589722
538,2,496.0,128.0,9.866708993911743
539,2,498.0,126.5,9.955178022384644
540,2,499.0,124.0,10.047375202178955
541,2,500.0,121.0,10.14231824874878
542,2,501.0,119.0,10.237534999847412
543,2,501.0,115.5,10.329981327056885
544,2,502.0,113.0,10.422883033752441
545,2,502.5,110.0,10.508294105529785
546,2,503.0,106.0,10.610822200775146
547,2,504.0,102.0,10.710177183151245
548,2,504.0,100.0,10.794738292694092
549,2,505.0,98.0,10.883622169494629
550,2,505.0,97.5,10.974622011184692
551,2,506.0,96.5,11.072780132293701
552,2,506.0,94.0,11.184899091720581
553,2,507.0,92.0,11.290289163589478
554,2,508.0,90.5,11.392974138259888
555,2,509.0,88.0,11.494405269622803
556,2,510.0,86.0,11.604074001312256
557,2,512.0,83.5,11.715618133544922
558,2,513.0,81.0,11.830184936523438
559,2,514.0,78.5,11.933923244476318
560,2,515.0,75.0,12.0610511302948
561,2,516.0,72.0,12.16020917892456
562,2,518.0,67.0,12.25652813911438
563,2,520.0,63.0,12.358119249343872
564,2,522.0,58.5,12.467085123062134
565,2,524.0,53.0,12.563442945480347
566,2,525.0,49.5,12.671985149383545
567,2,527.0,46.5,12.785176038742065
568,2,528.0,43.5,12.890700101852417
569,2,529.0,41.5,13.002016067504883
570,2,529.0,39.5,13.103608131408691
571,2,529.0,38.5,13.226037979125977
572,2,528.0,38.5,13.329554319381714
573,2,528.0,38.5,13.439343214035034
574,2,527.0,38.5,13.56227421760559
575,2,526.0,39.5,13.67578411102295
576,2,525.5,40.5,13.767445087432861
577,2,524.5,41.5,13.851006031036377
578,2,523.5,43.0,13.946938276290894
579,2,522.5,46.5,14.035045146942139
580,2,520.0,49.5,14.130539178848267
581,2,517.5,53.5,14.234523296356201
582,2,514.0,58.5,14.363933086395264
583,2,511.0,64.0,14.465168237686157
584,2,508.0,70.5,14.559162139892578
585,2,504.5,76.5,14.641402244567871
586,2,501.5,84.5,14.739932298660278
587,2,498.5,91.5,14.844247102737427
588,2,497.0,98.5,14.929567098617554
589,2,495.5,105.5,15.008182048797607
590,2,494.0,111.5,15.112221956253052
591,2,494.0,118.5,15.20250916481018
592,2,494.5,123.5,15.29460620880127
593,2,495.0,129.5,15.38854718208313
594,2,495.5,134.0,15.493652105331421
595,2,496.5,138.5,15.591334104537964
596,2,497.0,142.5,15.692195177078247
597,2,498.0,145.5,15.778777122497559
598,2,498.5,149.0,15.879350185394287
599,2,498.5,153.0,15.972315311431885
600,2,499.5,157.5,16.065198183059692
601,2,501.5,163.5,16.165016174316406
602,2,502.5,169.0,16.248165130615234
603,2,503.5,175.0,16.3370201587677
604,2,504.5,182.5,16.42372727394104
605,2,504.5,188.5,16.51654601097107
606,2,505.0,194.0,16.6140239238739
607,2,504.5,199.0,16.704756021499634
608,2,505.0,203.5,16.801855087280273
609,2,505.5,208.5,16.8874831199646
610,2,505.0,212.5,16.977256059646606
611,2,505.5,216.5,17.067913055419922
612,2,504.5,220.0,17.16852617263794
613,2,504.0,223.5,17.258695125579834
614,2,503.5,226.0,17.34727191925049
615,2,503.5,228.5,17.43503212928772
616,2,505.5,229.5,17.52391815185547
617,2,505.0,230.5,17.616032123565674
618,2,507.5,231.5,17.704251289367676
619,2,508.0,231.5,17.798652172088623
620,2,507.5,232.5,17.885771989822388
621,2,507.0,234.5,17.969606161117554
622,2,507.5,236.5,18.068745136260986
623,2,508.5,238.5,18.16562509536743
624,2,509.5,241.5,18.264122247695923
625,2,510.0,244.5,18.352858066558838
626,2,510.5,246.5,18.452210187911987
627,2,511.0,248.5,18.561311960220337
628,2,510.5,251.0,18.65366816520691
629,2,510.0,253.5,18.742318153381348
630,2,510.5,255.5,18.842865228652954
631,2,509.5,258.5,18.922430992126465
632,2,508.5,261.5,19.03383708000183
633,2,508.5,265.0,19.129384994506836
634,2,507.0,268.5,19.237802982330322
635,2,507.0,271.0,19.33808207511902
636,2,506.5,273.5,19.435643196105957
637,2,506.0,274.5,19.535890340805054
638,2,506.0,276.5,19.635032176971436
639,2,507.0,277.5,19.739190101623535
640,2,507.5,278.5,19.8345730304718
641,2,509.0,278.5,19.92728018760681
642,2,509.5,279.0,20.031316995620728
643,2,511.0,279.5,20.12360119819641
644,2,512.5,279.5,20.222562074661255
645,2,514.0,280.5,20.31866216659546
646,2,515.5,281.0,20.412127017974854
647,2,517.0,281.5,20.517019271850586
648,2,519.0,282.5,20.623026132583618
649,2,520.5,283.0,20.731715202331543
650,2,522.0,283.5,20.83267617225647
651,2,524.0,283.5,20.92935609817505
652,2,525.0,284.5,21.027064085006714
653,2,526.0,285.5,21.133432149887085
654,2,528.0,286.5,21.22731328010559
655,2,529.0,288.0,21.32758927345276
656,2,532.0,289.5,21.423187971115112
657,3,548.5,290.0,0.18949413299560547
658,3,547.0,289.0,0.3004112243652344
659,3,546.5,287.0,0.3932662010192871
660,3,544.0,285.5,0.4964921474456787
661,3,542.5,282.5,0.5927741527557373
662,3,539.5,280.0,0.6938831806182861
663,3,536.0,277.0,0.7969532012939453
664,3,532.5,273.0,0.9075162410736084
665,3,529.0,270.0,1.0141832828521729
666,3,525.0,266.0,1.118194341659546
667,3,521.5,262.0,1.2154052257537842
668,3,518.5,256.5,1.316620111465454
669,3,515.5,252.0,1.4126331806182861
670,3,513.5,245.5,1.5338082313537598
671,3,510.5,240.0,1.6289479732513428
672,3,507.5,235.0,1.7188332080841064
673,3,505.5,229.0,1.8079502582550049
674,3,502.5,223.0,1.8996670246124268
675,3,501.5,217.0,1.990239143371582
676,3,498.5,211.0,2.078615188598633
677,3,496.0,205.0,2.1746230125427246
678,3,492.5,199.0,2.2799952030181885
679,3,489.5,194.0,2.375277042388916
680,3,487.0,188.0,2.4615790843963623
681,3,481.0,183.0,2.56640625
682,3,478.5,177.0,2.6540181636810303
683,3,474.0,173.0,2.747270107269287
684,3,471.5,168.0,2.835022211074829
685,3,469.5,163.0,2.922140121459961
686,3,468.5,159.0,3.0157241821289062
687,3,467.5,155.0,3.110203266143799
688,3,467.5,151.0,3.200639009475708
689,3,468.5,146.0,3.2905070781707764
690,3,470.0,142.0,3.379049062728882
691,3,471.5,138.0,3.4659929275512695
692,3,473.0,134.0,3.5598411560058594
693,3,474.0,130.0,3.6483352184295654
694,3,474.5,125.0,3.744741201400757
695,3,475.5,120.5,3.8361940383911133
696,3,476.0,115.5,3.9330780506134033
697,3,476.5,112.5,4.0435919761657715
698,3,476.5,109.0,4.131680965423584
699,3,476.5,105.0,4.2272350788116455
700,3,476.5,101.0,4.317485094070435
701,3,477.0,97.0,4.401584148406982
702,3,477.5,93.5,4.498428106307983
703,3,477.5,89.5,4.60594916343689
704,3,478.0,85.5,4.712394952774048
705,3,478.5,81.5,4.814377069473267
706,3,478.0,77.5,4.919819116592407
707,3,479.5,73.0,5.025656223297119
708,3,479.5,68.0,5.138231039047241
709,3,480.5,65.0,5.24173903465271
710,3,481.5,62.0,5.348081111907959
711,3,482.5,59.0,5.466320276260376
712,3,484.5,59.0,5.554053068161011
713,3,484.5,58.0,5.634831190109253
714,3,485.5,57.0,5.724999904632568
715,3,486.5,56.0,5.812756061553955
716,3,487.5,56.0,5.9013991355896
717,3,488.5,56.0,6.002278089523315
718,3,487.5,56.0,6.091250896453857
719,3,489.5,56.0,6.176461219787598
720,3,489.5,55.5,6.269277095794678
721,3,489.5,55.0,6.354995965957642
722,3,489.0,54.0,6.453796148300171
723,3,488.5,54.0,6.553168296813965
724,3,488.0,53.0,6.634509086608887
725,3,488.0,53.0,6.734726190567017
726,3,488.5,53.0,6.8284690380096436
727,3,489.5,53.0,6.918542146682739
728,3,489.5,53.0,7.009611129760742
729,3,491.5,53.0,7.09914231300354
730,3,492.5,52.5,7.18731427192688
731,3,493.5,52.0,7.2731451988220215
732,3,491.5,52.0,7.361783027648926
733,3,490.5,51.5,7.452069282531738
734,3,488.5,52.5,7.5488200187683105
735,3,486.0,53.0,7.636831998825073
736,3,484.0,55.0,7.7278032302856445
737,3,483.5,56.5,7.8171820640563965
738,3,487.0,57.5,7.905965089797974
739,3,490.0,58.5,7.995559215545654
740,3,493.5,58.5,8.086594104766846
741,3,496.0,59.5,8.188006162643433
742,3,497.0,60.5,8.27986216545105
743,3,496.0,60.5,8.368197202682495
744,3,496.0,60.5,8.454531192779541
745,3,497.0,60.5,8.554083108901978
746,3,499.0,60.0,8.653981924057007
747,3,501.5,57.5,8.764954090118408
748,3,506.0,55.0,8.874558925628662
749,3,510.0,53.0,8.989188194274902
750,3,514.5,51.0,9.101243257522583
751,3,517.0,49.0,9.234055280685425
752,3,518.5,47.0,9.362929105758667
753,3,520.5,47.0,9.479326963424683
754,3,521.5,46.0,9.583718299865723
755,3,522.5,45.5,9.679868221282959
756,3,524.5,45.0,9.776227235794067
757,3,525.5,44.5,9.86673903465271
758,3,527.5,43.0,9.955206155776978
759,3,530.5,42.0,10.047402143478394
760,3,532.0,41.0,10.142364263534546
761,3,534.0,40.0,10.237585306167603
762,3,536.0,39.5,10.332149982452393
763,3,537.0,38.5,10.422933101654053
764,3,538.5,38.0,10.511421203613281
765,3,539.5,37.5,10.611265182495117
766,3,541.5,36.0,10.710230112075806
767,3,542.0,36.0,10.797190189361572
768,3,542.0,36.5,10.883683204650879
769,3,543.0,37.5,10.97469425201416
770,3,545.0,37.5,11.072825193405151
771,3,547.0,37.5,11.18495512008667
772,3,549.0,37.5,11.290326118469238
773,3,551.0,37.5,11.393010139465332
774,3,551.0,38.0,11.496193170547485
775,3,553.0,38.5,11.606651306152344
776,3,553.5,38.5,11.716989994049072
777,3,555.5,39.0,11.830221176147461
778,3,556.5,40.0,11.933994054794312
779,3,559.5,41.0,12.061113119125366
780,3,562.0,42.0,12.160271167755127
781,3,565.0,43.0,12.257097005844116
782,3,568.5,44.0,12.358159065246582
783,3,574.5,46.0,12.467132329940796
784,3,579.5,47.0,12.563473224639893
785,3,582.5,50.0,12.6720130443573
786,3,584.0,53.0,12.78520917892456
787,3,585.5,56.0,12.890747308731079
788,3,586.5,59.0,13.0020751953125
789,3,585.5,64.0,13.110756158828735
790,3,585.0,67.5,13.22694706916809
791,3,583.5,70.0,13.333909034729004
792,3,582.5,72.0,13.443372011184692
793,3,580.5,73.5,13.562304019927979
794,3,581.0,73.5,13.675824165344238
795,3,582.0,72.5,13.767504215240479
796,3,583.0,71.5,13.855319023132324
797,3,584.0,69.5,13.94726824760437
798,3,584.0,67.5,14.036798000335693
799,3,583.0,65.5,14.130606174468994
800,3,580.0,62.5,14.23456621170044
801,3,576.0,59.5,14.363982200622559
802,3,571.0,56.5,14.46799898147583
803,3,567.0,53.5,14.560672998428345
804,3,561.0,50.5,14.645530223846436
805,3,555.5,47.5,14.739972114562988
806,3,551.0,44.5,14.84428596496582
807,3,547.5,41.0,14.930294036865234
808,3,544.5,38.0,15.01293420791626
809,3,542.0,34.5,15.11227011680603
810,3,541.0,31.5,15.20647406578064
811,3,538.5,28.5,15.294632911682129
812,3,536.0,25.5,15.38859510421753
813,3,533.0,22.5,15.493719100952148
814,3,530.0,20.5,15.595062017440796
815,3,527.5,18.5,15.692252159118652
816,3,524.0,17.5,15.780395984649658
817,3,521.0,17.0,15.884626150131226
818,3,518.0,16.5,15.972355127334595
819,3,516.0,18.0,16.065226078033447
820,3,513.5,20.5,16.165045022964478
821,3,512.5,24.5,16.248192071914673
822,3,511.0,28.5,16.33710217475891
823,3,510.0,35.0,16.423776149749756
824,3,508.0,40.0,16.516573905944824
825,3,506.0,45.5,16.61405324935913
826,3,505.0,50.5,16.704806089401245
827,3,505.0,56.0,16.80190634727478
828,3,505.5,61.5,16.887543201446533
829,3,505.0,66.5,16.977285146713257
830,3,505.5,72.0,17.06794023513794
831,3,504.0,77.0,17.1685791015625
832,3,503.0,81.5,17.26044797897339
833,3,502.5,86.0,17.347327947616577
834,3,502.5,89.5,17.435062170028687
835,3,503.0,92.0,17.52394700050354
836,3,505.5,94.5,17.616079092025757
837,3,507.5,96.5,17.704296112060547
838,3,510.5,98.0,17.79870104789734
839,3,510.5,100.0,17.88582706451416
840,3,510.0,103.0,17.976242303848267
841,3,508.5,105.0,18.07508111000061
842,3,508.5,108.5,18.16648817062378
843,3,509.5,112.0,18.26417303085327
844,3,510.0,115.0,18.352899074554443
845,3,509.5,119.0,18.45955991744995
846,3,509.5,122.0,18.561345100402832
847,3,507.5,125.0,18.653759956359863
848,3,507.5,129.0,18.742372274398804
849,3,506.5,133.0,18.8429172039032
850,3,505.0,138.0,18.922491312026978
851,3,503.5,143.0,19.037471055984497
852,3,502.5,148.0,19.129624128341675
853,3,502.5,153.0,19.23785924911499
854,3,501.5,159.0,19.338130235671997
855,3,501.5,163.0,19.435691118240356
856,3,500.5,168.0,19.535930156707764
857,3,500.5,172.5,19.635098218917847
858,3,501.0,177.0,19.73924708366394
859,3,500.5,181.5,19.839335203170776
860,3,501.0,185.5,19.928893327713013
861,3,501.0,190.0,20.031384229660034
862,3,502.0,194.5,20.123629093170166
863,3,502.0,197.5,20.223602294921875
864,3,502.5,202.5,20.318692207336426
865,3,503.0,205.5,20.412155151367188
866,3,503.0,209.5,20.517048120498657
867,3,504.0,212.5,20.623054027557373
868,3,505.0,216.5,20.73174810409546
869,3,505.0,218.5,20.832703113555908
870,3,506.5,221.0,20.929383993148804
871,3,507.0,224.0,21.02709197998047
872,3,507.0,228.5,21.133460998535156
873,3,508.5,231.0,21.227341175079346
874,3,509.5,234.0,21.32761812210083
875,3,510.5,237.0,21.423218250274658
876,4,516.5,204.5,0.19270706176757812
877,4,516.5,203.0,0.30043816566467285
878,4,514.5,200.0,0.3980863094329834
879,4,513.0,197.0,0.4965200424194336
880,4,511.0,192.5,0.592811107635498
881,4,510.0,188.0,0.6942691802978516
882,4,508.0,184.0,0.7969992160797119
883,4,506.0,179.0,0.9075601100921631
884,4,504.0,175.0,1.0142102241516113
885,4,503.0,171.0,1.1182231903076172
886,4,501.0,167.0,1.2154319286346436
887,4,499.5,161.5,1.316650152206421
888,4,497.5,157.5,1.415588140487671
889,4,495.5,151.5,1.5338380336761475
890,4,494.5,146.5,1.6289751529693604
891,4,493.5,141.0,1.718878984451294
892,4,493.0,136.0,1.8079781532287598
893,4,492.5,131.0,1.8996951580047607
894,4,493.0,126.0,1.990267276763916
895,4,492.5,121.0,2.084459066390991
896,4,493.0,115.0,2.174650192260742
897,4,493.0,111.0,2.2800400257110596
898,4,495.0,105.0,2.3753061294555664
899,4,495.0,92.0,2.4623091220855713
900,4,497.0,89.0,2.566434144973755
901,4,500.0,86.0,2.6540451049804688
902,4,502.5,83.5,2.7472991943359375
903,4,505.5,81.5,2.835050106048584
904,4,509.0,81.5,2.9221692085266113
905,4,512.5,81.0,3.0157511234283447
906,4,515.5,80.5,3.11023211479187
907,4,520.0,82.0,3.2022762298583984
908,4,523.5,83.0,3.2905352115631104
909,4,527.5,84.5,3.379096031188965
910,4,530.5,86.5,3.466034173965454
911,4,533.5,87.5,3.559870958328247
912,4,536.5,88.5,3.6483640670776367
913,4,538.5,89.5,3.7447831630706787
914,4,541.0,90.0,3.83622407913208
915,4,542.5,87.0,3.9331090450286865
916,4,542.5,85.5,4.04363489151001
917,4,544.0,83.5,4.135189056396484
918,4,545.0,82.0,4.227265119552612
919,4,545.5,81.0,4.317516088485718
920,4,547.0,80.0,4.401613235473633
921,4,548.0,78.0,4.498476028442383
922,4,549.0,76.5,4.606447219848633
923,4,551.0,75.0,4.712443113327026
924,4,552.0,72.0,4.814418315887451
925,4,553.0,70.5,4.919847249984741
926,4,553.5,67.5,5.025684118270874
927,4,554.0,65.5,5.138305187225342
928,4,554.5,64.5,5.241767168045044
929,4,554.0,64.5,5.348146200180054
930,4,554.0,65.5,5.466350078582764
931,4,553.5,66.5,5.554081201553345
932,4,553.0,69.0,5.639167070388794
933,4,554.0,71.5,5.725030183792114
934,4,554.5,73.5,5.817310094833374
935,4,554.0,75.0,5.906883239746094
936,4,554.5,77.5,6.002309083938599
937,4,554.0,79.5,6.091289043426514
938,4,553.5,81.0,6.176519155502319
939,4,554.5,82.5,6.2693071365356445
940,4,554.5,83.0,6.3550331592559814
941,4,554.5,83.0,6.453843116760254
942,4,555.5,83.0,6.553215026855469
943,4,554.5,84.0,6.638430118560791
944,4,554.0,85.0,6.734788179397583
945,4,554.0,86.5,6.828509092330933
946,4,554.0,88.5,6.9185919761657715
947,4,553.5,90.5,7.009734153747559
948,4,555.0,92.0,7.099173069000244
949,4,554.0,94.0,7.187603950500488
950,4,554.0,95.5,7.273175001144409
951,4,553.5,98.0,7.361820936203003
952,4,553.0,101.5,7.4521191120147705
953,4,552.5,104.5,7.548893928527832
954,4,551.5,108.0,7.637109041213989
955,4,549.5,112.5,7.727831125259399
956,4,549.5,118.0,7.817502021789551
957,4,549.5,122.0,7.905993938446045
958,4,549.5,126.5,7.995588064193726
959,4,550.0,130.0,8.086621046066284
960,4,550.5,134.0,8.1880362033844
961,4,551.0,137.0,8.279891967773438
962,4,550.5,141.0,8.36822509765625
963,4,550.0,143.0,8.454577207565308
964,4,550.5,145.0,8.55533218383789
965,4,551.5,147.0,8.655385255813599
966,4,552.5,148.0,8.769121170043945
967,4,554.5,148.5,8.874608278274536
968,4,555.0,149.0,8.989223957061768
969,4,557.0,149.0,9.101272106170654
970,4,556.0,149.0,9.234094142913818
971,4,558.0,149.5,9.362972974777222
972,4,556.5,150.5,9.479384183883667
973,4,557.0,151.5,9.58378005027771
974,4,556.0,151.5,9.67989706993103
975,4,558.0,152.5,9.776272296905518
976,4,557.0,153.5,9.86676812171936
977,4,559.0,153.5,9.955234050750732
978,4,559.5,154.0,10.047430276870728
979,4,560.0,154.5,10.142394065856934
980,4,560.5,154.5,10.237616300582886
981,4,561.5,155.5,10.332204103469849
982,4,562.0,156.0,10.42296290397644
983,4,561.5,156.5,10.51148796081543
984,4,563.5,157.5,10.611308097839355
985,4,562.0,158.5,10.710262060165405
986,4,563.5,160.0,10.797237157821655
987,4,561.5,161.5,10.883723974227905
988,4,562.5,163.0,10.974739074707031
989,4,562.5,163.5,11.072854995727539
990,4,563.0,164.5,11.184994220733643
991,4,563.5,165.5,11.290362119674683
992,4,563.5,166.5,11.393047094345093
993,4,563.0,167.5,11.497550249099731
994,4,562.5,168.5,11.606717348098755
995,4,562.5,170.0,11.717042922973633
996,4,563.5,172.0,11.830257177352905
997,4,561.5,173.0,11.937445163726807
998,4,563.5,175.0,12.064021110534668
999,4,562.5,177.0,12.166104078292847
1000,4,563.5,178.0,12.257137298583984
1001,4,563.5,180.0,12.358198165893555
1002,4,563.5,182.0,12.467162132263184
1003,4,564.5,184.0,12.563671112060547
1004,4,563.5,186.0,12.672043085098267
1005,4,563.5,188.0,12.785238027572632
1006,4,562.5,191.0,12.890777111053467
1007,4,562.5,195.0,13.002109289169312
1008,4,561.0,197.0,13.110802173614502
1009,4,560.5,198.0,13.228300094604492
1010,4,559.0,202.0,13.333961963653564
1011,4,559.0,203.0,13.443420886993408
1012,4,559.5,203.5,13.562332153320312
1013,4,560.0,203.5,13.675854206085205
1014,4,561.5,203.0,13.767539978027344
1015,4,561.5,203.0,13.855370044708252
1016,4,563.5,202.0,13.950279951095581
1017,4,563.5,201.0,14.036847114562988
1018,4,564.5,200.5,14.146023273468018
1019,4,565.0,198.0,14.252293109893799
1020,4,565.5,196.0,14.380120038986206
1021,4,566.0,194.0,14.47377610206604
1022,4,566.0,190.5,14.56405520439148
1023,4,566.0,186.5,14.658489227294922
1024,4,566.0,182.0,14.747525215148926
1025,4,566.0,177.5,14.848788022994995
1026,4,567.0,170.5,14.933996200561523
1027,4,567.0,163.5,15.012986183166504
1028,4,567.5,154.5,15.112301111221313
1029,4,568.0,147.5,15.206521034240723
1030,4,568.5,138.5,15.294662237167358
1031,4,569.0,127.5,15.388625144958496
1032,4,568.5,117.5,15.493765115737915
1033,4,568.0,107.5,15.595109224319458
1034,4,567.5,98.5,15.69229531288147
1035,4,566.0,89.5,15.780447959899902
1036,4,565.5,81.5,15.885642051696777
1037,4,564.0,73.5,15.973749160766602
1038,4,562.5,68.0,16.065255880355835
1039,4,561.5,62.0,16.165074348449707
1040,4,559.5,57.0,16.24821925163269
1041,4,559.5,53.0,16.33714008331299
1042,4,556.5,50.5,16.423805952072144
1043,4,554.5,48.0,16.516601085662842
1044,4,552.5,46.0,16.614081144332886
1045,4,550.5,45.0,16.704836130142212
1046,4,547.5,44.0,16.801948308944702
1047,4,547.5,44.0,16.89036798477173
1048,4,544.5,44.0,16.97731304168701
1049,4,543.5,45.0,17.067968130111694
1050,4,541.5,46.0,17.168609142303467
1051,4,539.5,47.0,17.26048731803894
1052,4,539.5,47.5,17.34735894203186
1053,4,538.0,48.0,17.43509030342102
1054,4,537.0,48.5,17.524720191955566
1055,4,537.0,49.0,17.616109132766724
1056,4,536.0,49.5,17.704326152801514
1057,4,536.5,49.5,17.799466133117676
1058,4,535.5,50.5,17.88586115837097
1059,4,535.0,51.5,17.9762921333313
1060,4,533.5,53.5,18.075128078460693
1061,4,533.0,55.5,18.172873973846436
1062,4,531.5,58.5,18.26420307159424
1063,4,531.0,60.5,18.354587078094482
1064,4,529.5,62.5,18.459622144699097
1065,4,529.0,64.5,18.561373949050903
1066,4,527.5,66.5,18.653807163238525
1067,4,526.0,67.5,18.748502016067505
1068,4,525.0,70.5,18.84422016143799
1069,4,523.0,71.5,18.937852144241333
1070,4,522.0,75.5,19.037520170211792
1071,4,519.0,79.0,19.138435125350952
1072,4,517.0,82.5,19.237889051437378
1073,4,514.0,86.5,19.34077000617981
1074,4,512.0,89.0,19.438448190689087
1075,4,509.5,91.0,19.53609013557434
1076,4,508.0,94.0,19.63990616798401
1077,4,505.5,95.5,19.73927927017212
1078,4,503.5,98.0,19.83938503265381
1079,4,501.5,101.0,19.92896795272827
1080,4,499.5,103.0,20.031426191329956
1081,4,497.0,107.0,20.12365698814392
1082,4,495.5,109.0,20.223633289337158
1083,4,495.0,112.0,20.318721055984497
1084,4,493.5,114.5,20.412184238433838
1085,4,493.0,117.5,20.517076015472412
1086,4,493.0,120.5,20.623082160949707
1087,4,492.0,122.5,20.731781244277954
1088,4,491.0,126.5,20.83273220062256
1089,4,490.0,128.0,20.929413080215454
1090,4,491.0,131.0,21.027120113372803
1091,4,491.0,134.0,21.13348913192749
1092,4,491.0,137.0,21.227370023727417
1093,4,492.5,139.5,21.3276469707489
1094,4,492.5,142.5,21.423245191574097
1095,5,494.5,139.0,0.19478201866149902
1096,5,492.0,135.0,0.30046510696411133
1097,5,490.0,130.5,0.3981480598449707
1098,5,487.5,125.5,0.49654722213745117
1099,5,485.0,120.0,0.5928409099578857
1100,5,483.5,113.0,0.6943070888519287
1101,5,483.5,106.5,0.7985842227935791
1102,5,482.5,99.5,0.9106051921844482
1103,5,483.5,91.0,1.0142381191253662
1104,5,481.5,84.5,1.1182520389556885
1105,5,481.5,78.0,1.2154581546783447
1106,5,481.0,71.0,1.3166792392730713
1107,5,480.0,64.0,1.415663242340088
1108,5,479.0,57.5,1.5338659286499023
1109,5,479.5,51.0,1.6290051937103271
1110,5,479.0,44.5,1.7222521305084229
1111,5,479.5,38.0,1.8095459938049316
1112,5,481.0,32.5,1.899726152420044
1113,5,482.0,26.5,1.990295171737671
1114,5,485.0,21.0,2.084508180618286
1115,5,488.0,16.5,2.1746790409088135
1116,5,492.5,12.0,2.2821741104125977
1117,5,497.0,8.5,2.3753342628479004
1118,5,503.0,6.0,2.4637210369110107
1119,5,512.0,4.0,2.566462993621826
1120,5,521.0,2.5,2.6540720462799072
1121,5,530.5,3.0,2.747328042984009
1122,5,537.5,4.0,2.835078239440918
1123,5,547.5,5.0,2.9221980571746826
1124,5,555.0,8.0,3.015780210494995
1125,5,563.5,11.0,3.110260009765625
1126,5,571.5,15.0,3.2035629749298096
1127,5,576.0,20.5,3.290562152862549
1128,5,581.0,27.5,3.379643201828003
1129,5,586.0,34.5,3.4660611152648926
1130,5,591.0,42.0,3.559899091720581
1131,5,595.0,48.0,3.6483912467956543
1132,5,600.0,54.0,3.7448132038116455
1133,5,602.0,59.5,3.8362529277801514
1134,5,604.0,61.0,3.9338161945343018
1135,5,606.5,61.0,4.0448760986328125
1136,5,607.0,61.0,4.1365392208099365
1137,5,610.5,61.5,4.22729229927063
1138,5,610.0,62.5,4.317819118499756
1139,5,613.5,63.5,4.402701139450073
1140,5,614.5,65.0,4.4990599155426025
1141,5,617.5,66.0,4.60648512840271
1142,5,620.5,66.5,4.71247410774231
1143,5,622.5,66.5,4.814999103546143
1144,5,624.0,66.0,4.9198760986328125
1145,5,625.5,65.0,5.0257110595703125
1146,5,625.0,65.0,5.138386249542236
1147,5,623.0,66.0,5.241796255111694
1148,5,624.0,69.0,5.348187208175659
1149,5,623.0,72.0,5.4663801193237305
1150,5,623.0,77.0,5.554108142852783
1151,5,622.0,82.0,5.639218330383301
1152,5,623.0,87.0,5.726631164550781
1153,5,622.5,92.0,5.817366123199463
1154,5,621.5,97.0,5.906934022903442
1155,5,621.5,101.5,6.002835988998413
1156,5,619.5,105.5,6.0913190841674805
1157,5,619.5,109.0,6.176653146743774
1158,5,618.5,112.0,6.269335031509399
1159,5,617.5,113.5,6.355064153671265
1160,5,619.5,114.0,6.453873157501221
1161,5,618.5,114.5,6.5532450675964355
1162,5,618.0,116.0,6.638484001159668
1163,5,617.5,118.5,6.734819173812866
1164,5,618.0,121.5,6.828540325164795
1165,5,617.5,124.5,6.918622970581055
1166,5,617.0,129.0,7.009765148162842
1167,5,617.0,132.0,7.099203109741211
1168,5,615.0,136.5,7.1876420974731445
1169,5,614.5,140.5,7.274394273757935
1170,5,614.0,145.0,7.362458229064941
1171,5,614.5,150.0,7.452150106430054
1172,5,614.0,155.0,7.548984050750732
1173,5,613.5,162.0,7.6371471881866455
1174,5,613.0,169.0,7.728204011917114
1175,5,611.5,176.0,7.818901062011719
1176,5,609.5,183.5,7.907431125640869
1177,5,607.5,190.5,7.9966721534729
1178,5,605.5,197.5,8.086649179458618
1179,5,604.0,203.5,8.188064098358154
1180,5,602.5,209.5,8.279920101165771
1181,5,602.0,215.0,8.368255138397217
1182,5,601.5,219.5,8.457985162734985
1183,5,602.0,223.5,8.558736085891724
1184,5,600.5,228.0,8.655562162399292
1185,5,598.5,231.0,8.769191265106201
1186,5,597.5,233.5,8.879168033599854
1187,5,594.5,236.0,8.989253282546997
1188,5,593.0,238.5,9.101300954818726
1189,5,591.5,239.5,9.234133005142212
1190,5,590.0,240.5,9.3630211353302
1191,5,589.5,242.0,9.479416131973267
1192,5,588.5,244.5,9.583819150924683
1193,5,588.5,246.5,9.67992615699768
1194,5,586.5,247.5,9.776319980621338
1195,5,586.5,249.5,9.86679720878601
1196,5,584.5,250.5,9.955263137817383
1197,5,584.5,251.5,10.047459125518799
1198,5,583.5,252.5,10.142423152923584
1199,5,583.5,253.5,10.237645149230957
1200,5,583.0,255.0,10.332247018814087
1201,5,582.5,256.5,10.422993183135986
1202,5,582.0,258.5,10.513483047485352
1203,5,581.5,260.5,10.611339092254639
1204,5,580.0,262.5,10.710293054580688
1205,5,579.5,263.5,10.79726791381836
1206,5,579.0,265.5,10.884139060974121
1207,5,578.5,267.0,10.974784135818481
1208,5,577.0,268.5,11.072882890701294
1209,5,575.5,269.5,11.185033082962036
1210,5,575.5,270.5,11.290400981903076
1211,5,572.5,271.0,11.393085956573486
1212,5,572.5,272.5,11.497600078582764
1213,5,570.5,273.5,11.60676622390747
1214,5,570.0,275.5,11.717083215713501
1215,5,568.5,278.0,11.830294132232666
1216,5,567.0,279.0,11.937500238418579
1217,5,565.5,281.0,12.064085960388184
1218,5,563.5,281.5,12.166163921356201
1219,5,561.5,284.0,12.257169246673584
1220,5,558.5,285.5,12.358237981796265
1221,5,554.5,286.5,12.467190027236938
1222,5,552.5,286.5,12.563710927963257
1223,5,549.5,288.0,12.672071933746338
1224,5,547.0,288.0,12.785267114639282
1225,5,545.5,289.0,12.890805959701538
1226,5,544.0,290.0,13.002151250839233
1227,5,542.5,291.0,13.110840082168579
1228,5,542.5,292.0,13.228349208831787
1229,5,541.5,293.0,13.333992958068848
1230,5,543.5,294.0,13.44345211982727
1231,5,542.0,294.0,13.562361240386963
1232,5,544.5,294.5,13.675884008407593
1233,5,543.0,295.0,13.767569303512573
1234,5,545.5,295.0,13.862035036087036
1235,5,545.5,295.0,13.95035433769226
1236,5,548.5,296.0,14.05394721031189
1237,5,550.5,296.5,14.146698951721191
1238,5,553.0,297.0,14.26048731803894
1239,5,555.5,296.0,14.380170106887817
1240,5,559.5,296.0,14.475296020507812
1241,5,564.0,294.0,14.568291187286377
1242,5,568.5,292.0,14.658538103103638
1243,5,573.5,289.0,14.749035120010376
1244,5,578.0,284.0,14.84883713722229
1245,5,581.5,277.5,14.934054136276245
1246,5,585.5,270.5,15.027438163757324
1247,5,591.5,259.0,15.119521141052246
1248,5,592.5,249.0,15.209472179412842
1249,5,596.5,236.0,15.302171230316162
1250,5,599.5,223.5,15.399450063705444
1251,5,600.5,209.5,15.510436058044434
1252,5,603.5,195.0,15.605268955230713
1253,5,604.0,180.5,15.695810079574585
1254,5,606.5,164.5,15.797487258911133
1255,5,609.0,152.5,15.8856840133667
1256,5,610.0,137.5,15.973791122436523
1257,5,610.0,123.5,16.066412210464478
1258,5,609.5,111.5,16.16510319709778
1259,5,608.0,97.5,16.24824810028076
1260,5,606.5,84.5,16.33717107772827
1261,5,605.0,73.5,16.423835277557373
1262,5,603.0,62.5,16.51662802696228
1263,5,602.0,52.5,16.614108324050903
1264,5,599.0,44.0,16.704864025115967
1265,5,595.0,36.0,16.801979303359985
1266,5,593.0,28.5,16.890416145324707
1267,5,590.0,22.5,16.977341175079346
1268,5,587.0,18.5,17.06799626350403
1269,5,586.0,15.0,17.16864800453186
1270,5,581.0,13.0,17.26051926612854
1271,5,579.5,12.0,17.347535133361816
1272,5,576.0,10.0,17.435118198394775
1273,5,574.0,9.0,17.524757146835327
1274,5,570.0,7.5,17.616137981414795
1275,5,568.0,6.5,17.706339120864868
1276,5,565.0,6.5,17.799511194229126
1277,5,563.0,6.0,17.885892152786255
1278,5,562.0,6.5,17.976323127746582
1279,5,562.0,7.0,18.075159072875977
1280,5,560.0,8.0,18.17292308807373
1281,5,558.0,8.0,18.264239072799683
1282,5,555.0,8.0,18.35462713241577
1283,5,553.0,9.0,18.459667921066284
1284,5,551.5,9.0,18.561402082443237
1285,5,551.0,9.0,18.653839111328125
1286,5,548.0,9.0,18.7485511302948
1287,5,545.5,8.5,18.844261169433594
1288,5,543.0,9.5,18.93790102005005
1289,5,539.5,10.5,19.037711143493652
1290,5,535.5,11.5,19.138492107391357
1291,5,531.5,12.5,19.238630294799805
1292,5,526.5,13.5,19.343404054641724
1293,5,523.0,15.5,19.440460205078125
1294,5,518.5,15.5,19.537026166915894
1295,5,513.5,17.5,19.63995909690857
1296,5,509.5,17.5,19.739309072494507
1297,5,505.5,18.5,19.839417219161987
1298,5,501.5,19.5,19.929013967514038
1299,5,498.5,20.5,20.031463146209717
1300,5,494.5,22.0,20.12368631362915
1301,5,490.5,24.0,20.223663091659546
1302,5,487.5,26.0,20.31874990463257
1303,5,486.5,29.0,20.412212133407593
1304,5,484.5,31.5,20.517105102539062
1305,5,481.5,34.0,20.623111248016357
1306,5,480.0,36.0,20.73181414604187
1307,5,478.5,39.0,20.83276104927063
1308,5,477.0,41.0,20.929442167282104
1309,5,475.0,44.5,21.027149200439453
1310,5,476.0,46.5,21.13351821899414
1311,5,476.0,49.5,21.227399110794067
1312,5,476.0,53.5,21.327677249908447
1313,5,476.0,56.0,21.423274040222168
